BEGIN;

DO $$
BEGIN
    -- Only optional extension
    -- CREATE EXTENSION IF NOT EXISTS "uuid-ossp";
END $$;

-- 1. USERS
INSERT INTO users (id, username, email, password_hash, role, status, created_at) VALUES 
('00000001-0000-0000-0000-000000000001', 'staff_demo', 'staff_demo@example.com', '$2b$10$qIbcdMbhxR1GiPEYTIya5.7ZIEZZw9JSCM2F0jwLdNGSAcWAvkt5m', 'staff'::"UserRole", 'ACTIVE', NOW() - INTERVAL '30 days'),
('00000001-0000-0000-0000-000000000002', 'manager_demo', 'manager_demo@example.com', '$2b$10$qIbcdMbhxR1GiPEYTIya5.7ZIEZZw9JSCM2F0jwLdNGSAcWAvkt5m', 'manager'::"UserRole", 'ACTIVE', NOW() - INTERVAL '30 days'),
('00000001-0000-0000-0000-000000000003', 'admin_demo', 'admin_demo@example.com', '$2b$10$qIbcdMbhxR1GiPEYTIya5.7ZIEZZw9JSCM2F0jwLdNGSAcWAvkt5m', 'admin'::"UserRole", 'ACTIVE', NOW() - INTERVAL '30 days')
ON CONFLICT (username) DO NOTHING;

-- 2. WAREHOUSES
INSERT INTO warehouses (id, code, name, created_at) VALUES 
('00000002-0000-0000-0000-000000000001', 'DEMO-WH-A', 'Demo Main Warehouse A', NOW() - INTERVAL '29 days'),
('00000002-0000-0000-0000-000000000002', 'DEMO-WH-B', 'Demo Secondary Warehouse B', NOW() - INTERVAL '29 days')
ON CONFLICT (code) DO NOTHING;

-- 3. LOCATIONS
INSERT INTO locations (id, warehouse_id, code, name, capacity_limit_base) VALUES 
('00000003-0000-0000-0000-000000000001', '00000002-0000-0000-0000-000000000001', 'DEMO-A-01', 'A-01 Name', 1000),
('00000003-0000-0000-0000-000000000002', '00000002-0000-0000-0000-000000000001', 'DEMO-A-02', 'A-02 Name', 2000),
('00000003-0000-0000-0000-000000000003', '00000002-0000-0000-0000-000000000001', 'DEMO-A-03', 'A-03 Name', 3000),
('00000003-0000-0000-0000-000000000004', '00000002-0000-0000-0000-000000000002', 'DEMO-B-01', 'B-01 Name', 4000),
('00000003-0000-0000-0000-000000000005', '00000002-0000-0000-0000-000000000002', 'DEMO-B-02', 'B-02 Name', 5000),
('00000003-0000-0000-0000-000000000006', '00000002-0000-0000-0000-000000000002', 'DEMO-B-03', 'B-03 Name', 6000)
ON CONFLICT (warehouse_id, code) DO NOTHING;

-- 4. SUPPLIERS
INSERT INTO suppliers (id, code, name) VALUES 
('00000004-0000-0000-0000-000000000001', 'DEMO-SUP-001', 'Demo Supplier 1'),
('00000004-0000-0000-0000-000000000002', 'DEMO-SUP-002', 'Demo Supplier 2'),
('00000004-0000-0000-0000-000000000003', 'DEMO-SUP-003', 'Demo Supplier 3'),
('00000004-0000-0000-0000-000000000004', 'DEMO-SUP-004', 'Demo Supplier 4'),
('00000004-0000-0000-0000-000000000005', 'DEMO-SUP-005', 'Demo Supplier 5')
ON CONFLICT (code) DO NOTHING;

-- 5. PRODUCTS
INSERT INTO products (id, code, name, base_uom) VALUES 
('00000005-0000-0000-0000-000000000001', 'DEMO-PROD-001', 'Demo Product 1', 'Pieces'),
('00000005-0000-0000-0000-000000000002', 'DEMO-PROD-002', 'Demo Product 2', 'Pieces'),
('00000005-0000-0000-0000-000000000003', 'DEMO-PROD-003', 'Demo Product 3', 'Pieces'),
('00000005-0000-0000-0000-000000000004', 'DEMO-PROD-004', 'Demo Product 4', 'Pieces'),
('00000005-0000-0000-0000-000000000005', 'DEMO-PROD-005', 'Demo Product 5', 'Pieces'),
('00000005-0000-0000-0000-000000000006', 'DEMO-PROD-006', 'Demo Product 6', 'Pieces'),
('00000005-0000-0000-0000-000000000007', 'DEMO-PROD-007', 'Demo Product 7', 'Pieces'),
('00000005-0000-0000-0000-000000000008', 'DEMO-PROD-008', 'Demo Product 8', 'Pieces'),
('00000005-0000-0000-0000-000000000009', 'DEMO-PROD-009', 'Demo Product 9', 'Pieces'),
('00000005-0000-0000-0000-000000000010', 'DEMO-PROD-010', 'Demo Product 10', 'Pieces'),
('00000005-0000-0000-0000-000000000011', 'DEMO-PROD-011', 'Demo Product 11', 'Pieces'),
('00000005-0000-0000-0000-000000000012', 'DEMO-PROD-012', 'Demo Product 12', 'Pieces')
ON CONFLICT (code) DO NOTHING;

-- 6. PRODUCT UOMS
INSERT INTO product_uoms (id, product_id, supplier_id, uom, factor_to_base) VALUES 
('00000006-0000-0000-0000-000000000001', '00000005-0000-0000-0000-000000000001', NULL, 'Pieces', 1.0),
('00000006-0000-0000-0000-000000000002', '00000005-0000-0000-0000-000000000001', NULL, 'Box', 10.0),
('00000006-0000-0000-0000-000000000003', '00000005-0000-0000-0000-000000000002', NULL, 'Pieces', 1.0),
('00000006-0000-0000-0000-000000000004', '00000005-0000-0000-0000-000000000002', NULL, 'Box', 10.0),
('00000006-0000-0000-0000-000000000005', '00000005-0000-0000-0000-000000000003', NULL, 'Pieces', 1.0),
('00000006-0000-0000-0000-000000000006', '00000005-0000-0000-0000-000000000003', NULL, 'Box', 10.0),
('00000006-0000-0000-0000-000000000007', '00000005-0000-0000-0000-000000000004', NULL, 'Pieces', 1.0),
('00000006-0000-0000-0000-000000000008', '00000005-0000-0000-0000-000000000004', NULL, 'Box', 10.0),
('00000006-0000-0000-0000-000000000009', '00000005-0000-0000-0000-000000000005', NULL, 'Pieces', 1.0),
('00000006-0000-0000-0000-000000000010', '00000005-0000-0000-0000-000000000005', NULL, 'Box', 10.0),
('00000006-0000-0000-0000-000000000011', '00000005-0000-0000-0000-000000000006', NULL, 'Pieces', 1.0),
('00000006-0000-0000-0000-000000000012', '00000005-0000-0000-0000-000000000006', NULL, 'Box', 10.0),
('00000006-0000-0000-0000-000000000013', '00000005-0000-0000-0000-000000000007', NULL, 'Pieces', 1.0),
('00000006-0000-0000-0000-000000000014', '00000005-0000-0000-0000-000000000007', NULL, 'Box', 10.0),
('00000006-0000-0000-0000-000000000015', '00000005-0000-0000-0000-000000000008', NULL, 'Pieces', 1.0),
('00000006-0000-0000-0000-000000000016', '00000005-0000-0000-0000-000000000008', NULL, 'Box', 10.0),
('00000006-0000-0000-0000-000000000017', '00000005-0000-0000-0000-000000000009', NULL, 'Pieces', 1.0),
('00000006-0000-0000-0000-000000000018', '00000005-0000-0000-0000-000000000009', NULL, 'Box', 10.0),
('00000006-0000-0000-0000-000000000019', '00000005-0000-0000-0000-000000000010', NULL, 'Pieces', 1.0),
('00000006-0000-0000-0000-000000000020', '00000005-0000-0000-0000-000000000010', NULL, 'Box', 10.0),
('00000006-0000-0000-0000-000000000021', '00000005-0000-0000-0000-000000000011', NULL, 'Pieces', 1.0),
('00000006-0000-0000-0000-000000000022', '00000005-0000-0000-0000-000000000011', NULL, 'Box', 10.0),
('00000006-0000-0000-0000-000000000023', '00000005-0000-0000-0000-000000000012', NULL, 'Pieces', 1.0),
('00000006-0000-0000-0000-000000000024', '00000005-0000-0000-0000-000000000012', NULL, 'Box', 10.0)
ON CONFLICT (product_id, supplier_id, uom) DO NOTHING;

-- 7. BATCHES
INSERT INTO batches (id, product_id, supplier_id, manufacture_date, expiry_date, lot_code, average_cost, created_at) VALUES 
('00000007-0000-0000-0000-000000000001', '00000005-0000-0000-0000-000000000001', '00000004-0000-0000-0000-000000000002', CURRENT_DATE - INTERVAL '1 year', CURRENT_DATE + INTERVAL '10 days', 'DEMO-LOT-001', 10.5, NOW() - INTERVAL '20 days'),
('00000007-0000-0000-0000-000000000002', '00000005-0000-0000-0000-000000000002', '00000004-0000-0000-0000-000000000003', CURRENT_DATE - INTERVAL '1 year', CURRENT_DATE + INTERVAL '10 days', 'DEMO-LOT-002', 10.5, NOW() - INTERVAL '20 days'),
('00000007-0000-0000-0000-000000000003', '00000005-0000-0000-0000-000000000003', '00000004-0000-0000-0000-000000000004', CURRENT_DATE - INTERVAL '1 year', CURRENT_DATE + INTERVAL '10 days', 'DEMO-LOT-003', 10.5, NOW() - INTERVAL '20 days'),
('00000007-0000-0000-0000-000000000004', '00000005-0000-0000-0000-000000000004', '00000004-0000-0000-0000-000000000005', CURRENT_DATE - INTERVAL '1 year', CURRENT_DATE + INTERVAL '10 days', 'DEMO-LOT-004', 10.5, NOW() - INTERVAL '20 days'),
('00000007-0000-0000-0000-000000000005', '00000005-0000-0000-0000-000000000005', '00000004-0000-0000-0000-000000000001', CURRENT_DATE - INTERVAL '1 year', CURRENT_DATE + INTERVAL '4 months', 'DEMO-LOT-005', 10.5, NOW() - INTERVAL '20 days'),
('00000007-0000-0000-0000-000000000006', '00000005-0000-0000-0000-000000000006', '00000004-0000-0000-0000-000000000002', CURRENT_DATE - INTERVAL '1 year', CURRENT_DATE + INTERVAL '4 months', 'DEMO-LOT-006', 10.5, NOW() - INTERVAL '20 days'),
('00000007-0000-0000-0000-000000000007', '00000005-0000-0000-0000-000000000007', '00000004-0000-0000-0000-000000000003', CURRENT_DATE - INTERVAL '1 year', CURRENT_DATE + INTERVAL '4 months', 'DEMO-LOT-007', 10.5, NOW() - INTERVAL '20 days'),
('00000007-0000-0000-0000-000000000008', '00000005-0000-0000-0000-000000000008', '00000004-0000-0000-0000-000000000004', CURRENT_DATE - INTERVAL '1 year', CURRENT_DATE + INTERVAL '4 months', 'DEMO-LOT-008', 10.5, NOW() - INTERVAL '20 days'),
('00000007-0000-0000-0000-000000000009', '00000005-0000-0000-0000-000000000009', '00000004-0000-0000-0000-000000000005', CURRENT_DATE - INTERVAL '1 year', CURRENT_DATE + INTERVAL '10 months', 'DEMO-LOT-009', 10.5, NOW() - INTERVAL '20 days'),
('00000007-0000-0000-0000-000000000010', '00000005-0000-0000-0000-000000000010', '00000004-0000-0000-0000-000000000001', CURRENT_DATE - INTERVAL '1 year', CURRENT_DATE + INTERVAL '10 months', 'DEMO-LOT-010', 10.5, NOW() - INTERVAL '20 days'),
('00000007-0000-0000-0000-000000000011', '00000005-0000-0000-0000-000000000011', '00000004-0000-0000-0000-000000000002', CURRENT_DATE - INTERVAL '1 year', CURRENT_DATE + INTERVAL '10 months', 'DEMO-LOT-011', 10.5, NOW() - INTERVAL '20 days'),
('00000007-0000-0000-0000-000000000012', '00000005-0000-0000-0000-000000000012', '00000004-0000-0000-0000-000000000003', CURRENT_DATE - INTERVAL '1 year', CURRENT_DATE + INTERVAL '10 months', 'DEMO-LOT-012', 10.5, NOW() - INTERVAL '20 days')
ON CONFLICT (product_id, supplier_id, manufacture_date, expiry_date, lot_code) DO NOTHING;

-- 8. CONTAINERS
INSERT INTO containers (id, qr_code, location_id, status, is_sealed, created_at) VALUES 
('00000008-0000-0000-0000-000000000001', 'DEMO-CONT-0001', '00000003-0000-0000-0000-000000000002', 'Open', false, NOW() - INTERVAL '10 days'),
('00000008-0000-0000-0000-000000000002', 'DEMO-CONT-0002', '00000003-0000-0000-0000-000000000003', 'Open', false, NOW() - INTERVAL '10 days'),
('00000008-0000-0000-0000-000000000003', 'DEMO-CONT-0003', '00000003-0000-0000-0000-000000000004', 'Open', false, NOW() - INTERVAL '10 days'),
('00000008-0000-0000-0000-000000000004', 'DEMO-CONT-0004', '00000003-0000-0000-0000-000000000005', 'Open', false, NOW() - INTERVAL '10 days'),
('00000008-0000-0000-0000-000000000005', 'DEMO-CONT-0005', '00000003-0000-0000-0000-000000000006', 'Open', false, NOW() - INTERVAL '10 days'),
('00000008-0000-0000-0000-000000000006', 'DEMO-CONT-0006', '00000003-0000-0000-0000-000000000001', 'Open', false, NOW() - INTERVAL '10 days'),
('00000008-0000-0000-0000-000000000007', 'DEMO-CONT-0007', '00000003-0000-0000-0000-000000000002', 'Open', false, NOW() - INTERVAL '10 days'),
('00000008-0000-0000-0000-000000000008', 'DEMO-CONT-0008', '00000003-0000-0000-0000-000000000003', 'Open', false, NOW() - INTERVAL '10 days'),
('00000008-0000-0000-0000-000000000009', 'DEMO-CONT-0009', '00000003-0000-0000-0000-000000000004', 'Open', false, NOW() - INTERVAL '10 days'),
('00000008-0000-0000-0000-000000000010', 'DEMO-CONT-0010', '00000003-0000-0000-0000-000000000005', 'Open', false, NOW() - INTERVAL '10 days'),
('00000008-0000-0000-0000-000000000011', 'DEMO-CONT-0011', '00000003-0000-0000-0000-000000000006', 'Open', false, NOW() - INTERVAL '10 days'),
('00000008-0000-0000-0000-000000000012', 'DEMO-CONT-0012', '00000003-0000-0000-0000-000000000001', 'Open', false, NOW() - INTERVAL '10 days'),
('00000008-0000-0000-0000-000000000013', 'DEMO-CONT-0013', '00000003-0000-0000-0000-000000000002', 'Open', false, NOW() - INTERVAL '10 days'),
('00000008-0000-0000-0000-000000000014', 'DEMO-CONT-0014', '00000003-0000-0000-0000-000000000003', 'Open', false, NOW() - INTERVAL '10 days'),
('00000008-0000-0000-0000-000000000015', 'DEMO-CONT-0015', '00000003-0000-0000-0000-000000000004', 'Open', false, NOW() - INTERVAL '10 days'),
('00000008-0000-0000-0000-000000000016', 'DEMO-CONT-0016', '00000003-0000-0000-0000-000000000005', 'Open', false, NOW() - INTERVAL '10 days'),
('00000008-0000-0000-0000-000000000017', 'DEMO-CONT-0017', '00000003-0000-0000-0000-000000000006', 'Open', false, NOW() - INTERVAL '10 days'),
('00000008-0000-0000-0000-000000000018', 'DEMO-CONT-0018', '00000003-0000-0000-0000-000000000001', 'Open', false, NOW() - INTERVAL '10 days'),
('00000008-0000-0000-0000-000000000019', 'DEMO-CONT-0019', '00000003-0000-0000-0000-000000000002', 'Open', false, NOW() - INTERVAL '10 days'),
('00000008-0000-0000-0000-000000000020', 'DEMO-CONT-0020', '00000003-0000-0000-0000-000000000003', 'Open', false, NOW() - INTERVAL '10 days')
ON CONFLICT (qr_code) DO NOTHING;

-- 9. STOCK LINES
INSERT INTO stock_lines (id, product_id, batch_id, location_id, container_id, quantity_base, created_at) VALUES 
('00000009-0000-0000-0000-000000000001', '00000005-0000-0000-0000-000000000001', '00000007-0000-0000-0000-000000000001', '00000003-0000-0000-0000-000000000002', '00000008-0000-0000-0000-000000000001', 500.0, NOW()),
('00000009-0000-0000-0000-000000000002', '00000005-0000-0000-0000-000000000002', '00000007-0000-0000-0000-000000000002', '00000003-0000-0000-0000-000000000003', '00000008-0000-0000-0000-000000000002', 500.0, NOW()),
('00000009-0000-0000-0000-000000000003', '00000005-0000-0000-0000-000000000003', '00000007-0000-0000-0000-000000000003', '00000003-0000-0000-0000-000000000004', '00000008-0000-0000-0000-000000000003', 500.0, NOW()),
('00000009-0000-0000-0000-000000000004', '00000005-0000-0000-0000-000000000004', '00000007-0000-0000-0000-000000000004', '00000003-0000-0000-0000-000000000005', NULL, 500.0, NOW()),
('00000009-0000-0000-0000-000000000005', '00000005-0000-0000-0000-000000000005', '00000007-0000-0000-0000-000000000005', '00000003-0000-0000-0000-000000000006', NULL, 500.0, NOW()),
('00000009-0000-0000-0000-000000000006', '00000005-0000-0000-0000-000000000006', '00000007-0000-0000-0000-000000000006', '00000003-0000-0000-0000-000000000001', NULL, 500.0, NOW()),
('00000009-0000-0000-0000-000000000007', '00000005-0000-0000-0000-000000000007', '00000007-0000-0000-0000-000000000007', '00000003-0000-0000-0000-000000000002', NULL, 500.0, NOW()),
('00000009-0000-0000-0000-000000000008', '00000005-0000-0000-0000-000000000008', '00000007-0000-0000-0000-000000000008', '00000003-0000-0000-0000-000000000003', NULL, 500.0, NOW())
ON CONFLICT (product_id, batch_id, location_id, container_id) DO NOTHING;

-- 10. RECEIPTS & LINES
INSERT INTO receipts (id, code, supplier_id, warehouse_id, status, total_value, created_by, created_at) VALUES 
('00000010-0000-0000-0000-000000000001', 'DEMO-RCPT-0001', '00000004-0000-0000-0000-000000000001', '00000002-0000-0000-0000-000000000001', 'submitted', 1000.0, '00000001-0000-0000-0000-000000000001', NOW() - INTERVAL '1 days'),
('00000010-0000-0000-0000-000000000002', 'DEMO-RCPT-0002', '00000004-0000-0000-0000-000000000001', '00000002-0000-0000-0000-000000000001', 'submitted', 1000.0, '00000001-0000-0000-0000-000000000001', NOW() - INTERVAL '2 days'),
('00000010-0000-0000-0000-000000000003', 'DEMO-RCPT-0003', '00000004-0000-0000-0000-000000000001', '00000002-0000-0000-0000-000000000001', 'submitted', 1000.0, '00000001-0000-0000-0000-000000000001', NOW() - INTERVAL '3 days'),
('00000010-0000-0000-0000-000000000004', 'DEMO-RCPT-0004', '00000004-0000-0000-0000-000000000001', '00000002-0000-0000-0000-000000000001', 'draft', 1000.0, '00000001-0000-0000-0000-000000000001', NOW() - INTERVAL '4 days'),
('00000010-0000-0000-0000-000000000005', 'DEMO-RCPT-0005', '00000004-0000-0000-0000-000000000001', '00000002-0000-0000-0000-000000000001', 'draft', 1000.0, '00000001-0000-0000-0000-000000000001', NOW() - INTERVAL '5 days')
ON CONFLICT (code) DO NOTHING;

INSERT INTO receipt_lines (id, receipt_id, product_id, supplier_id, batch_id, quantity, quantity_base, uom, unit_cost, manufacture_date, expiry_date, lot_code, container_qr_code, created_at) VALUES 
('00000011-0000-0000-0000-000000000001', '00000010-0000-0000-0000-000000000001', '00000005-0000-0000-0000-000000000001', '00000004-0000-0000-0000-000000000001', '00000007-0000-0000-0000-000000000001', 10, 10, 'Pieces', 10.0, CURRENT_DATE - INTERVAL '1 month', CURRENT_DATE + INTERVAL '1 year', 'DEMO-LOT-R1', NULL, NOW()),
('00000011-0000-0000-0000-000000000002', '00000010-0000-0000-0000-000000000001', '00000005-0000-0000-0000-000000000002', '00000004-0000-0000-0000-000000000001', '00000007-0000-0000-0000-000000000002', 10, 10, 'Pieces', 10.0, CURRENT_DATE - INTERVAL '1 month', CURRENT_DATE + INTERVAL '1 year', 'DEMO-LOT-R2', NULL, NOW()),
('00000011-0000-0000-0000-000000000003', '00000010-0000-0000-0000-000000000001', '00000005-0000-0000-0000-000000000003', '00000004-0000-0000-0000-000000000001', '00000007-0000-0000-0000-000000000003', 10, 10, 'Pieces', 10.0, CURRENT_DATE - INTERVAL '1 month', CURRENT_DATE + INTERVAL '1 year', 'DEMO-LOT-R3', NULL, NOW()),
('00000011-0000-0000-0000-000000000004', '00000010-0000-0000-0000-000000000002', '00000005-0000-0000-0000-000000000001', '00000004-0000-0000-0000-000000000001', '00000007-0000-0000-0000-000000000001', 10, 10, 'Pieces', 10.0, CURRENT_DATE - INTERVAL '1 month', CURRENT_DATE + INTERVAL '1 year', 'DEMO-LOT-R4', NULL, NOW()),
('00000011-0000-0000-0000-000000000005', '00000010-0000-0000-0000-000000000002', '00000005-0000-0000-0000-000000000002', '00000004-0000-0000-0000-000000000001', '00000007-0000-0000-0000-000000000002', 10, 10, 'Pieces', 10.0, CURRENT_DATE - INTERVAL '1 month', CURRENT_DATE + INTERVAL '1 year', 'DEMO-LOT-R5', NULL, NOW()),
('00000011-0000-0000-0000-000000000006', '00000010-0000-0000-0000-000000000002', '00000005-0000-0000-0000-000000000003', '00000004-0000-0000-0000-000000000001', '00000007-0000-0000-0000-000000000003', 10, 10, 'Pieces', 10.0, CURRENT_DATE - INTERVAL '1 month', CURRENT_DATE + INTERVAL '1 year', 'DEMO-LOT-R6', NULL, NOW()),
('00000011-0000-0000-0000-000000000007', '00000010-0000-0000-0000-000000000003', '00000005-0000-0000-0000-000000000001', '00000004-0000-0000-0000-000000000001', '00000007-0000-0000-0000-000000000001', 10, 10, 'Pieces', 10.0, CURRENT_DATE - INTERVAL '1 month', CURRENT_DATE + INTERVAL '1 year', 'DEMO-LOT-R7', NULL, NOW()),
('00000011-0000-0000-0000-000000000008', '00000010-0000-0000-0000-000000000003', '00000005-0000-0000-0000-000000000002', '00000004-0000-0000-0000-000000000001', '00000007-0000-0000-0000-000000000002', 10, 10, 'Pieces', 10.0, CURRENT_DATE - INTERVAL '1 month', CURRENT_DATE + INTERVAL '1 year', 'DEMO-LOT-R8', NULL, NOW()),
('00000011-0000-0000-0000-000000000009', '00000010-0000-0000-0000-000000000003', '00000005-0000-0000-0000-000000000003', '00000004-0000-0000-0000-000000000001', '00000007-0000-0000-0000-000000000003', 10, 10, 'Pieces', 10.0, CURRENT_DATE - INTERVAL '1 month', CURRENT_DATE + INTERVAL '1 year', 'DEMO-LOT-R9', NULL, NOW()),
('00000011-0000-0000-0000-000000000010', '00000010-0000-0000-0000-000000000004', '00000005-0000-0000-0000-000000000001', '00000004-0000-0000-0000-000000000001', '00000007-0000-0000-0000-000000000001', 10, 10, 'Pieces', 10.0, CURRENT_DATE - INTERVAL '1 month', CURRENT_DATE + INTERVAL '1 year', 'DEMO-LOT-R10', NULL, NOW()),
('00000011-0000-0000-0000-000000000011', '00000010-0000-0000-0000-000000000004', '00000005-0000-0000-0000-000000000002', '00000004-0000-0000-0000-000000000001', '00000007-0000-0000-0000-000000000002', 10, 10, 'Pieces', 10.0, CURRENT_DATE - INTERVAL '1 month', CURRENT_DATE + INTERVAL '1 year', 'DEMO-LOT-R11', NULL, NOW()),
('00000011-0000-0000-0000-000000000012', '00000010-0000-0000-0000-000000000004', '00000005-0000-0000-0000-000000000003', '00000004-0000-0000-0000-000000000001', '00000007-0000-0000-0000-000000000003', 10, 10, 'Pieces', 10.0, CURRENT_DATE - INTERVAL '1 month', CURRENT_DATE + INTERVAL '1 year', 'DEMO-LOT-R12', NULL, NOW()),
('00000011-0000-0000-0000-000000000013', '00000010-0000-0000-0000-000000000005', '00000005-0000-0000-0000-000000000001', '00000004-0000-0000-0000-000000000001', '00000007-0000-0000-0000-000000000001', 10, 10, 'Pieces', 10.0, CURRENT_DATE - INTERVAL '1 month', CURRENT_DATE + INTERVAL '1 year', 'DEMO-LOT-R13', NULL, NOW()),
('00000011-0000-0000-0000-000000000014', '00000010-0000-0000-0000-000000000005', '00000005-0000-0000-0000-000000000002', '00000004-0000-0000-0000-000000000001', '00000007-0000-0000-0000-000000000002', 10, 10, 'Pieces', 10.0, CURRENT_DATE - INTERVAL '1 month', CURRENT_DATE + INTERVAL '1 year', 'DEMO-LOT-R14', NULL, NOW()),
('00000011-0000-0000-0000-000000000015', '00000010-0000-0000-0000-000000000005', '00000005-0000-0000-0000-000000000003', '00000004-0000-0000-0000-000000000001', '00000007-0000-0000-0000-000000000003', 10, 10, 'Pieces', 10.0, CURRENT_DATE - INTERVAL '1 month', CURRENT_DATE + INTERVAL '1 year', 'DEMO-LOT-R15', NULL, NOW())
ON CONFLICT (id) DO NOTHING;

-- 11. MOVEMENTS & LINES
INSERT INTO movements (id, code, from_location_id, to_location_id, status, created_by, created_at) VALUES 
('00000012-0000-0000-0000-000000000001', 'DEMO-MV-0001', '00000003-0000-0000-0000-000000000001', '00000003-0000-0000-0000-000000000002', 'submitted', '00000001-0000-0000-0000-000000000001', NOW() - INTERVAL '1 day'),
('00000012-0000-0000-0000-000000000002', 'DEMO-MV-0002', '00000003-0000-0000-0000-000000000001', '00000003-0000-0000-0000-000000000002', 'submitted', '00000001-0000-0000-0000-000000000001', NOW() - INTERVAL '1 day'),
('00000012-0000-0000-0000-000000000003', 'DEMO-MV-0003', '00000003-0000-0000-0000-000000000001', '00000003-0000-0000-0000-000000000002', 'submitted', '00000001-0000-0000-0000-000000000001', NOW() - INTERVAL '1 day')
ON CONFLICT (code) DO NOTHING;

INSERT INTO movement_lines (id, movement_id, product_id, batch_id, container_id, quantity_base, created_at) VALUES 
('00000013-0000-0000-0000-000000000001', '00000012-0000-0000-0000-000000000001', '00000005-0000-0000-0000-000000000001', '00000007-0000-0000-0000-000000000001', NULL, 5.0, NOW()),
('00000013-0000-0000-0000-000000000002', '00000012-0000-0000-0000-000000000001', '00000005-0000-0000-0000-000000000002', '00000007-0000-0000-0000-000000000002', NULL, 5.0, NOW()),
('00000013-0000-0000-0000-000000000003', '00000012-0000-0000-0000-000000000002', '00000005-0000-0000-0000-000000000001', '00000007-0000-0000-0000-000000000001', NULL, 5.0, NOW()),
('00000013-0000-0000-0000-000000000004', '00000012-0000-0000-0000-000000000002', '00000005-0000-0000-0000-000000000002', '00000007-0000-0000-0000-000000000002', NULL, 5.0, NOW()),
('00000013-0000-0000-0000-000000000005', '00000012-0000-0000-0000-000000000003', '00000005-0000-0000-0000-000000000001', '00000007-0000-0000-0000-000000000001', NULL, 5.0, NOW()),
('00000013-0000-0000-0000-000000000006', '00000012-0000-0000-0000-000000000003', '00000005-0000-0000-0000-000000000002', '00000007-0000-0000-0000-000000000002', NULL, 5.0, NOW())
ON CONFLICT (id) DO NOTHING;

-- 12. ISSUES, RESERVATIONS, PICK TASKS
INSERT INTO issues (id, code, status, created_by, created_at) VALUES 
('00000014-0000-0000-0000-000000000001', 'DEMO-ISS-0001', 'planned', '00000001-0000-0000-0000-000000000001', NOW() - INTERVAL '2 days'),
('00000014-0000-0000-0000-000000000002', 'DEMO-ISS-0002', 'planned', '00000001-0000-0000-0000-000000000001', NOW() - INTERVAL '2 days'),
('00000014-0000-0000-0000-000000000003', 'DEMO-ISS-0003', 'planned', '00000001-0000-0000-0000-000000000001', NOW() - INTERVAL '2 days'),
('00000014-0000-0000-0000-000000000004', 'DEMO-ISS-0004', 'planned', '00000001-0000-0000-0000-000000000001', NOW() - INTERVAL '2 days')
ON CONFLICT (code) DO NOTHING;

INSERT INTO issue_lines (id, issue_id, product_id, quantity_base, created_at) VALUES 
('00000015-0000-0000-0000-000000000001', '00000014-0000-0000-0000-000000000001', '00000005-0000-0000-0000-000000000001', 2.0, NOW()),
('00000015-0000-0000-0000-000000000002', '00000014-0000-0000-0000-000000000001', '00000005-0000-0000-0000-000000000002', 2.0, NOW()),
('00000015-0000-0000-0000-000000000003', '00000014-0000-0000-0000-000000000002', '00000005-0000-0000-0000-000000000001', 2.0, NOW()),
('00000015-0000-0000-0000-000000000004', '00000014-0000-0000-0000-000000000002', '00000005-0000-0000-0000-000000000002', 2.0, NOW()),
('00000015-0000-0000-0000-000000000005', '00000014-0000-0000-0000-000000000003', '00000005-0000-0000-0000-000000000001', 2.0, NOW()),
('00000015-0000-0000-0000-000000000006', '00000014-0000-0000-0000-000000000003', '00000005-0000-0000-0000-000000000002', 2.0, NOW()),
('00000015-0000-0000-0000-000000000007', '00000014-0000-0000-0000-000000000004', '00000005-0000-0000-0000-000000000001', 2.0, NOW()),
('00000015-0000-0000-0000-000000000008', '00000014-0000-0000-0000-000000000004', '00000005-0000-0000-0000-000000000002', 2.0, NOW())
ON CONFLICT (id) DO NOTHING;

INSERT INTO reservations (id, product_id, batch_id, location_id, container_id, quantity_base, status, expires_at, last_activity_at, created_by, created_at) VALUES 
('00000016-0000-0000-0000-000000000001', '00000005-0000-0000-0000-000000000001', '00000007-0000-0000-0000-000000000001', '00000003-0000-0000-0000-000000000001', NULL, 2.0, 'soft-reserved', NOW() + INTERVAL '1 day', NOW(), '00000001-0000-0000-0000-000000000001', NOW()),
('00000016-0000-0000-0000-000000000002', '00000005-0000-0000-0000-000000000002', '00000007-0000-0000-0000-000000000002', '00000003-0000-0000-0000-000000000001', NULL, 2.0, 'hard-locked', NOW() + INTERVAL '1 day', NOW(), '00000001-0000-0000-0000-000000000001', NOW()),
('00000016-0000-0000-0000-000000000003', '00000005-0000-0000-0000-000000000003', '00000007-0000-0000-0000-000000000003', '00000003-0000-0000-0000-000000000001', NULL, 2.0, 'released', NOW() - INTERVAL '1 day', NOW(), '00000001-0000-0000-0000-000000000001', NOW())
ON CONFLICT (id) DO NOTHING;

INSERT INTO pick_tasks (id, issue_line_id, product_id, batch_id, location_id, container_id, reservation_id, quantity_base, picked_quantity, status, created_at) VALUES 
('00000017-0000-0000-0000-000000000001', '00000015-0000-0000-0000-000000000001', '00000005-0000-0000-0000-000000000001', '00000007-0000-0000-0000-000000000001', '00000003-0000-0000-0000-000000000001', NULL, '00000016-0000-0000-0000-000000000001', 2.0, 0, 'pending', NOW()),
('00000017-0000-0000-0000-000000000002', '00000015-0000-0000-0000-000000000002', '00000005-0000-0000-0000-000000000001', '00000007-0000-0000-0000-000000000001', '00000003-0000-0000-0000-000000000001', NULL, '00000016-0000-0000-0000-000000000002', 2.0, 0, 'pending', NOW()),
('00000017-0000-0000-0000-000000000003', '00000015-0000-0000-0000-000000000003', '00000005-0000-0000-0000-000000000001', '00000007-0000-0000-0000-000000000001', '00000003-0000-0000-0000-000000000001', NULL, NULL, 2.0, 0, 'pending', NOW()),
('00000017-0000-0000-0000-000000000004', '00000015-0000-0000-0000-000000000004', '00000005-0000-0000-0000-000000000001', '00000007-0000-0000-0000-000000000001', '00000003-0000-0000-0000-000000000001', NULL, NULL, 2.0, 0, 'pending', NOW()),
('00000017-0000-0000-0000-000000000005', '00000015-0000-0000-0000-000000000005', '00000005-0000-0000-0000-000000000001', '00000007-0000-0000-0000-000000000001', '00000003-0000-0000-0000-000000000001', NULL, NULL, 2.0, 0, 'pending', NOW()),
('00000017-0000-0000-0000-000000000006', '00000015-0000-0000-0000-000000000006', '00000005-0000-0000-0000-000000000001', '00000007-0000-0000-0000-000000000001', '00000003-0000-0000-0000-000000000001', NULL, NULL, 2.0, 0, 'pending', NOW()),
('00000017-0000-0000-0000-000000000007', '00000015-0000-0000-0000-000000000007', '00000005-0000-0000-0000-000000000001', '00000007-0000-0000-0000-000000000001', '00000003-0000-0000-0000-000000000001', NULL, NULL, 2.0, 0, 'pending', NOW()),
('00000017-0000-0000-0000-000000000008', '00000015-0000-0000-0000-000000000008', '00000005-0000-0000-0000-000000000001', '00000007-0000-0000-0000-000000000001', '00000003-0000-0000-0000-000000000001', NULL, NULL, 2.0, 0, 'pending', NOW())
ON CONFLICT (reservation_id) DO NOTHING;

-- 13. CYCLE COUNTS
INSERT INTO cycle_counts (id, code, location_id, status, created_by, created_at) VALUES 
('00000018-0000-0000-0000-000000000001', 'DEMO-CC-0001', '00000003-0000-0000-0000-000000000001', 'submitted', '00000001-0000-0000-0000-000000000001', NOW() - INTERVAL '3 days'),
('00000018-0000-0000-0000-000000000002', 'DEMO-CC-0002', '00000003-0000-0000-0000-000000000002', 'submitted', '00000001-0000-0000-0000-000000000001', NOW() - INTERVAL '3 days'),
('00000018-0000-0000-0000-000000000003', 'DEMO-CC-0003', '00000003-0000-0000-0000-000000000003', 'draft', '00000001-0000-0000-0000-000000000001', NOW() - INTERVAL '3 days')
ON CONFLICT (code) DO NOTHING;

INSERT INTO cycle_count_lines (id, cycle_count_id, product_id, batch_id, container_id, counted_quantity, created_at) VALUES 
('00000019-0000-0000-0000-000000000001', '00000018-0000-0000-0000-000000000001', '00000005-0000-0000-0000-000000000001', '00000007-0000-0000-0000-000000000001', NULL, 150.0, NOW()),
('00000019-0000-0000-0000-000000000002', '00000018-0000-0000-0000-000000000002', '00000005-0000-0000-0000-000000000001', '00000007-0000-0000-0000-000000000001', NULL, 150.0, NOW()),
('00000019-0000-0000-0000-000000000003', '00000018-0000-0000-0000-000000000003', '00000005-0000-0000-0000-000000000001', '00000007-0000-0000-0000-000000000001', NULL, 150.0, NOW())
ON CONFLICT (id) DO NOTHING;

-- 14. APPROVALS
INSERT INTO approval_requests (id, document_type, document_id, status, reason, po_code, threshold_snapshot, requested_by, created_at) VALUES 
('00000020-0000-0000-0000-000000000001', 'RECEIPT_1', '00000010-0000-0000-0000-000000000001', 'pending', 'Demo Reason', NULL, '{}'::jsonb, '00000001-0000-0000-0000-000000000001', NOW()),
('00000020-0000-0000-0000-000000000002', 'RECEIPT_2', '00000010-0000-0000-0000-000000000001', 'pending', 'Demo Reason', NULL, '{}'::jsonb, '00000001-0000-0000-0000-000000000001', NOW()),
('00000020-0000-0000-0000-000000000003', 'RECEIPT_3', '00000010-0000-0000-0000-000000000001', 'pending', 'Demo Reason', NULL, '{}'::jsonb, '00000001-0000-0000-0000-000000000001', NOW()),
('00000020-0000-0000-0000-000000000004', 'RECEIPT_4', '00000010-0000-0000-0000-000000000001', 'pending', 'Demo Reason', NULL, '{}'::jsonb, '00000001-0000-0000-0000-000000000001', NOW()),
('00000020-0000-0000-0000-000000000005', 'RECEIPT_5', '00000010-0000-0000-0000-000000000001', 'pending', 'Demo Reason', NULL, '{}'::jsonb, '00000001-0000-0000-0000-000000000001', NOW()),
('00000020-0000-0000-0000-000000000006', 'RECEIPT_6', '00000010-0000-0000-0000-000000000001', 'approved', 'Demo Reason', NULL, '{}'::jsonb, '00000001-0000-0000-0000-000000000001', NOW()),
('00000020-0000-0000-0000-000000000007', 'RECEIPT_7', '00000010-0000-0000-0000-000000000001', 'approved', 'Demo Reason', NULL, '{}'::jsonb, '00000001-0000-0000-0000-000000000001', NOW()),
('00000020-0000-0000-0000-000000000008', 'RECEIPT_8', '00000010-0000-0000-0000-000000000001', 'rejected', 'Demo Reason', NULL, '{}'::jsonb, '00000001-0000-0000-0000-000000000001', NOW())
ON CONFLICT (document_type, document_id) DO NOTHING;

-- 15. CONFIG TIMEOUT
INSERT INTO app_timeout_config (id, soft_reserve_minutes, hard_lock_minutes, updated_at) VALUES ('default', 30, 60, NOW()) ON CONFLICT (id) DO NOTHING;

-- 16. AUDIT EVENTS
INSERT INTO audit_events (id, actor_user_id, action, entity_type, entity_id, before_json, after_json, reason, correlation_id, created_at) VALUES 
('00000021-0000-0000-0000-000000000001', '00000001-0000-0000-0000-000000000001', 'DEMO_ACTION', 'receipts', '00000010-0000-0000-0000-000000000001', NULL, '{}'::jsonb, 'Demo audit', 'corr-1', NOW() - INTERVAL '1 days'),
('00000021-0000-0000-0000-000000000002', '00000001-0000-0000-0000-000000000001', 'DEMO_ACTION', 'receipts', '00000010-0000-0000-0000-000000000001', NULL, '{}'::jsonb, 'Demo audit', 'corr-2', NOW() - INTERVAL '2 days'),
('00000021-0000-0000-0000-000000000003', '00000001-0000-0000-0000-000000000001', 'DEMO_ACTION', 'receipts', '00000010-0000-0000-0000-000000000001', NULL, '{}'::jsonb, 'Demo audit', 'corr-3', NOW() - INTERVAL '3 days'),
('00000021-0000-0000-0000-000000000004', '00000001-0000-0000-0000-000000000001', 'DEMO_ACTION', 'receipts', '00000010-0000-0000-0000-000000000001', NULL, '{}'::jsonb, 'Demo audit', 'corr-4', NOW() - INTERVAL '4 days'),
('00000021-0000-0000-0000-000000000005', '00000001-0000-0000-0000-000000000001', 'DEMO_ACTION', 'receipts', '00000010-0000-0000-0000-000000000001', NULL, '{}'::jsonb, 'Demo audit', 'corr-5', NOW() - INTERVAL '5 days'),
('00000021-0000-0000-0000-000000000006', '00000001-0000-0000-0000-000000000001', 'DEMO_ACTION', 'receipts', '00000010-0000-0000-0000-000000000001', NULL, '{}'::jsonb, 'Demo audit', 'corr-6', NOW() - INTERVAL '6 days'),
('00000021-0000-0000-0000-000000000007', '00000001-0000-0000-0000-000000000001', 'DEMO_ACTION', 'receipts', '00000010-0000-0000-0000-000000000001', NULL, '{}'::jsonb, 'Demo audit', 'corr-7', NOW() - INTERVAL '7 days'),
('00000021-0000-0000-0000-000000000008', '00000001-0000-0000-0000-000000000001', 'DEMO_ACTION', 'receipts', '00000010-0000-0000-0000-000000000001', NULL, '{}'::jsonb, 'Demo audit', 'corr-8', NOW() - INTERVAL '8 days'),
('00000021-0000-0000-0000-000000000009', '00000001-0000-0000-0000-000000000001', 'DEMO_ACTION', 'receipts', '00000010-0000-0000-0000-000000000001', NULL, '{}'::jsonb, 'Demo audit', 'corr-9', NOW() - INTERVAL '9 days'),
('00000021-0000-0000-0000-000000000010', '00000001-0000-0000-0000-000000000001', 'DEMO_ACTION', 'receipts', '00000010-0000-0000-0000-000000000001', NULL, '{}'::jsonb, 'Demo audit', 'corr-10', NOW() - INTERVAL '10 days'),
('00000021-0000-0000-0000-000000000011', '00000001-0000-0000-0000-000000000001', 'DEMO_ACTION', 'receipts', '00000010-0000-0000-0000-000000000001', NULL, '{}'::jsonb, 'Demo audit', 'corr-11', NOW() - INTERVAL '11 days'),
('00000021-0000-0000-0000-000000000012', '00000001-0000-0000-0000-000000000001', 'DEMO_ACTION', 'receipts', '00000010-0000-0000-0000-000000000001', NULL, '{}'::jsonb, 'Demo audit', 'corr-12', NOW() - INTERVAL '12 days'),
('00000021-0000-0000-0000-000000000013', '00000001-0000-0000-0000-000000000001', 'DEMO_ACTION', 'receipts', '00000010-0000-0000-0000-000000000001', NULL, '{}'::jsonb, 'Demo audit', 'corr-13', NOW() - INTERVAL '13 days'),
('00000021-0000-0000-0000-000000000014', '00000001-0000-0000-0000-000000000001', 'DEMO_ACTION', 'receipts', '00000010-0000-0000-0000-000000000001', NULL, '{}'::jsonb, 'Demo audit', 'corr-14', NOW() - INTERVAL '14 days'),
('00000021-0000-0000-0000-000000000015', '00000001-0000-0000-0000-000000000001', 'DEMO_ACTION', 'receipts', '00000010-0000-0000-0000-000000000001', NULL, '{}'::jsonb, 'Demo audit', 'corr-15', NOW() - INTERVAL '15 days'),
('00000021-0000-0000-0000-000000000016', '00000001-0000-0000-0000-000000000001', 'DEMO_ACTION', 'receipts', '00000010-0000-0000-0000-000000000001', NULL, '{}'::jsonb, 'Demo audit', 'corr-16', NOW() - INTERVAL '16 days'),
('00000021-0000-0000-0000-000000000017', '00000001-0000-0000-0000-000000000001', 'DEMO_ACTION', 'receipts', '00000010-0000-0000-0000-000000000001', NULL, '{}'::jsonb, 'Demo audit', 'corr-17', NOW() - INTERVAL '17 days'),
('00000021-0000-0000-0000-000000000018', '00000001-0000-0000-0000-000000000001', 'DEMO_ACTION', 'receipts', '00000010-0000-0000-0000-000000000001', NULL, '{}'::jsonb, 'Demo audit', 'corr-18', NOW() - INTERVAL '18 days'),
('00000021-0000-0000-0000-000000000019', '00000001-0000-0000-0000-000000000001', 'DEMO_ACTION', 'receipts', '00000010-0000-0000-0000-000000000001', NULL, '{}'::jsonb, 'Demo audit', 'corr-19', NOW() - INTERVAL '19 days'),
('00000021-0000-0000-0000-000000000020', '00000001-0000-0000-0000-000000000001', 'DEMO_ACTION', 'receipts', '00000010-0000-0000-0000-000000000001', NULL, '{}'::jsonb, 'Demo audit', 'corr-20', NOW() - INTERVAL '20 days'),
('00000021-0000-0000-0000-000000000021', '00000001-0000-0000-0000-000000000001', 'DEMO_ACTION', 'receipts', '00000010-0000-0000-0000-000000000001', NULL, '{}'::jsonb, 'Demo audit', 'corr-21', NOW() - INTERVAL '21 days'),
('00000021-0000-0000-0000-000000000022', '00000001-0000-0000-0000-000000000001', 'DEMO_ACTION', 'receipts', '00000010-0000-0000-0000-000000000001', NULL, '{}'::jsonb, 'Demo audit', 'corr-22', NOW() - INTERVAL '22 days'),
('00000021-0000-0000-0000-000000000023', '00000001-0000-0000-0000-000000000001', 'DEMO_ACTION', 'receipts', '00000010-0000-0000-0000-000000000001', NULL, '{}'::jsonb, 'Demo audit', 'corr-23', NOW() - INTERVAL '23 days'),
('00000021-0000-0000-0000-000000000024', '00000001-0000-0000-0000-000000000001', 'DEMO_ACTION', 'receipts', '00000010-0000-0000-0000-000000000001', NULL, '{}'::jsonb, 'Demo audit', 'corr-24', NOW() - INTERVAL '24 days'),
('00000021-0000-0000-0000-000000000025', '00000001-0000-0000-0000-000000000001', 'DEMO_ACTION', 'receipts', '00000010-0000-0000-0000-000000000001', NULL, '{}'::jsonb, 'Demo audit', 'corr-25', NOW() - INTERVAL '25 days'),
('00000021-0000-0000-0000-000000000026', '00000001-0000-0000-0000-000000000001', 'DEMO_ACTION', 'receipts', '00000010-0000-0000-0000-000000000001', NULL, '{}'::jsonb, 'Demo audit', 'corr-26', NOW() - INTERVAL '26 days'),
('00000021-0000-0000-0000-000000000027', '00000001-0000-0000-0000-000000000001', 'DEMO_ACTION', 'receipts', '00000010-0000-0000-0000-000000000001', NULL, '{}'::jsonb, 'Demo audit', 'corr-27', NOW() - INTERVAL '27 days'),
('00000021-0000-0000-0000-000000000028', '00000001-0000-0000-0000-000000000001', 'DEMO_ACTION', 'receipts', '00000010-0000-0000-0000-000000000001', NULL, '{}'::jsonb, 'Demo audit', 'corr-28', NOW() - INTERVAL '28 days'),
('00000021-0000-0000-0000-000000000029', '00000001-0000-0000-0000-000000000001', 'DEMO_ACTION', 'receipts', '00000010-0000-0000-0000-000000000001', NULL, '{}'::jsonb, 'Demo audit', 'corr-29', NOW() - INTERVAL '29 days'),
('00000021-0000-0000-0000-000000000030', '00000001-0000-0000-0000-000000000001', 'DEMO_ACTION', 'receipts', '00000010-0000-0000-0000-000000000001', NULL, '{}'::jsonb, 'Demo audit', 'corr-30', NOW() - INTERVAL '0 days'),
('00000021-0000-0000-0000-000000000031', '00000001-0000-0000-0000-000000000001', 'DEMO_ACTION', 'receipts', '00000010-0000-0000-0000-000000000001', NULL, '{}'::jsonb, 'Demo audit', 'corr-31', NOW() - INTERVAL '1 days'),
('00000021-0000-0000-0000-000000000032', '00000001-0000-0000-0000-000000000001', 'DEMO_ACTION', 'receipts', '00000010-0000-0000-0000-000000000001', NULL, '{}'::jsonb, 'Demo audit', 'corr-32', NOW() - INTERVAL '2 days'),
('00000021-0000-0000-0000-000000000033', '00000001-0000-0000-0000-000000000001', 'DEMO_ACTION', 'receipts', '00000010-0000-0000-0000-000000000001', NULL, '{}'::jsonb, 'Demo audit', 'corr-33', NOW() - INTERVAL '3 days'),
('00000021-0000-0000-0000-000000000034', '00000001-0000-0000-0000-000000000001', 'DEMO_ACTION', 'receipts', '00000010-0000-0000-0000-000000000001', NULL, '{}'::jsonb, 'Demo audit', 'corr-34', NOW() - INTERVAL '4 days'),
('00000021-0000-0000-0000-000000000035', '00000001-0000-0000-0000-000000000001', 'DEMO_ACTION', 'receipts', '00000010-0000-0000-0000-000000000001', NULL, '{}'::jsonb, 'Demo audit', 'corr-35', NOW() - INTERVAL '5 days'),
('00000021-0000-0000-0000-000000000036', '00000001-0000-0000-0000-000000000001', 'DEMO_ACTION', 'receipts', '00000010-0000-0000-0000-000000000001', NULL, '{}'::jsonb, 'Demo audit', 'corr-36', NOW() - INTERVAL '6 days'),
('00000021-0000-0000-0000-000000000037', '00000001-0000-0000-0000-000000000001', 'DEMO_ACTION', 'receipts', '00000010-0000-0000-0000-000000000001', NULL, '{}'::jsonb, 'Demo audit', 'corr-37', NOW() - INTERVAL '7 days'),
('00000021-0000-0000-0000-000000000038', '00000001-0000-0000-0000-000000000001', 'DEMO_ACTION', 'receipts', '00000010-0000-0000-0000-000000000001', NULL, '{}'::jsonb, 'Demo audit', 'corr-38', NOW() - INTERVAL '8 days'),
('00000021-0000-0000-0000-000000000039', '00000001-0000-0000-0000-000000000001', 'DEMO_ACTION', 'receipts', '00000010-0000-0000-0000-000000000001', NULL, '{}'::jsonb, 'Demo audit', 'corr-39', NOW() - INTERVAL '9 days'),
('00000021-0000-0000-0000-000000000040', '00000001-0000-0000-0000-000000000001', 'DEMO_ACTION', 'receipts', '00000010-0000-0000-0000-000000000001', NULL, '{}'::jsonb, 'Demo audit', 'corr-40', NOW() - INTERVAL '10 days'),
('00000021-0000-0000-0000-000000000041', '00000001-0000-0000-0000-000000000001', 'DEMO_ACTION', 'receipts', '00000010-0000-0000-0000-000000000001', NULL, '{}'::jsonb, 'Demo audit', 'corr-41', NOW() - INTERVAL '11 days'),
('00000021-0000-0000-0000-000000000042', '00000001-0000-0000-0000-000000000001', 'DEMO_ACTION', 'receipts', '00000010-0000-0000-0000-000000000001', NULL, '{}'::jsonb, 'Demo audit', 'corr-42', NOW() - INTERVAL '12 days'),
('00000021-0000-0000-0000-000000000043', '00000001-0000-0000-0000-000000000001', 'DEMO_ACTION', 'receipts', '00000010-0000-0000-0000-000000000001', NULL, '{}'::jsonb, 'Demo audit', 'corr-43', NOW() - INTERVAL '13 days'),
('00000021-0000-0000-0000-000000000044', '00000001-0000-0000-0000-000000000001', 'DEMO_ACTION', 'receipts', '00000010-0000-0000-0000-000000000001', NULL, '{}'::jsonb, 'Demo audit', 'corr-44', NOW() - INTERVAL '14 days'),
('00000021-0000-0000-0000-000000000045', '00000001-0000-0000-0000-000000000001', 'DEMO_ACTION', 'receipts', '00000010-0000-0000-0000-000000000001', NULL, '{}'::jsonb, 'Demo audit', 'corr-45', NOW() - INTERVAL '15 days'),
('00000021-0000-0000-0000-000000000046', '00000001-0000-0000-0000-000000000001', 'DEMO_ACTION', 'receipts', '00000010-0000-0000-0000-000000000001', NULL, '{}'::jsonb, 'Demo audit', 'corr-46', NOW() - INTERVAL '16 days'),
('00000021-0000-0000-0000-000000000047', '00000001-0000-0000-0000-000000000001', 'DEMO_ACTION', 'receipts', '00000010-0000-0000-0000-000000000001', NULL, '{}'::jsonb, 'Demo audit', 'corr-47', NOW() - INTERVAL '17 days'),
('00000021-0000-0000-0000-000000000048', '00000001-0000-0000-0000-000000000001', 'DEMO_ACTION', 'receipts', '00000010-0000-0000-0000-000000000001', NULL, '{}'::jsonb, 'Demo audit', 'corr-48', NOW() - INTERVAL '18 days'),
('00000021-0000-0000-0000-000000000049', '00000001-0000-0000-0000-000000000001', 'DEMO_ACTION', 'receipts', '00000010-0000-0000-0000-000000000001', NULL, '{}'::jsonb, 'Demo audit', 'corr-49', NOW() - INTERVAL '19 days'),
('00000021-0000-0000-0000-000000000050', '00000001-0000-0000-0000-000000000001', 'DEMO_ACTION', 'receipts', '00000010-0000-0000-0000-000000000001', NULL, '{}'::jsonb, 'Demo audit', 'corr-50', NOW() - INTERVAL '20 days')
ON CONFLICT (id) DO NOTHING;

COMMIT;

-- ==========================================
-- SANITY QUERIES
-- ==========================================
SELECT 'users' AS "table", COUNT(*) AS "total" FROM users;
SELECT 'warehouses' AS "table", COUNT(*) AS "total" FROM warehouses;
SELECT 'locations' AS "table", COUNT(*) AS "total" FROM locations;
SELECT 'suppliers' AS "table", COUNT(*) AS "total" FROM suppliers;
SELECT 'products' AS "table", COUNT(*) AS "total" FROM products;
SELECT 'batches' AS "table", COUNT(*) AS "total" FROM batches;
SELECT 'containers' AS "table", COUNT(*) AS "total" FROM containers;
SELECT 'stock_lines' AS "table", COUNT(*) AS "total" FROM stock_lines;
SELECT 'receipts' AS "table", COUNT(*) AS "total" FROM receipts;
SELECT 'movements' AS "table", COUNT(*) AS "total" FROM movements;
SELECT 'issues' AS "table", COUNT(*) AS "total" FROM issues;
SELECT 'pick_tasks' AS "table", COUNT(*) AS "total" FROM pick_tasks;
SELECT 'cycle_counts' AS "table", COUNT(*) AS "total" FROM cycle_counts;
SELECT 'approval_requests' AS "table", COUNT(*) AS "total" FROM approval_requests;
SELECT 'audit_events' AS "table", COUNT(*) AS "total" FROM audit_events;
SELECT 'app_timeout_config' AS "table", COUNT(*) AS "total" FROM app_timeout_config;
