BEGIN;

-- =================================================================================
-- WMS DEMO DATA SEED SCRIPT
-- Prefix: "DEMO-"
-- Author: Demo Seed Script (Idempotent)
-- =================================================================================

-- 1. USERS
-- Password for all users is '123456'.
-- Hash: $2b$10$qIbcdMbhxR1GiPEYTIya5.7ZIEZZw9JSCM2F0jwLdNGSAcWAvkt5m
INSERT INTO users (id, username, email, password_hash, role, status, created_at) VALUES 
('11111111-0000-0000-0000-000000000001', 'staff_demo', 'staff_demo@example.com', '$2b$10$qIbcdMbhxR1GiPEYTIya5.7ZIEZZw9JSCM2F0jwLdNGSAcWAvkt5m', 'staff'::"UserRole", 'ACTIVE', NOW() - INTERVAL '30 days'),
('11111111-0000-0000-0000-000000000002', 'manager_demo', 'manager_demo@example.com', '$2b$10$qIbcdMbhxR1GiPEYTIya5.7ZIEZZw9JSCM2F0jwLdNGSAcWAvkt5m', 'manager'::"UserRole", 'ACTIVE', NOW() - INTERVAL '30 days'),
('11111111-0000-0000-0000-000000000003', 'admin_demo', 'admin_demo@example.com', '$2b$10$qIbcdMbhxR1GiPEYTIya5.7ZIEZZw9JSCM2F0jwLdNGSAcWAvkt5m', 'admin'::"UserRole", 'ACTIVE', NOW() - INTERVAL '30 days')
ON CONFLICT (username) DO NOTHING;

-- 2. WAREHOUSES
INSERT INTO warehouses (id, code, name, created_at) VALUES
('22222222-0000-0000-0000-000000000001', 'DEMO-WH-A', 'Demo Main Warehouse A', NOW() - INTERVAL '29 days'),
('22222222-0000-0000-0000-000000000002', 'DEMO-WH-B', 'Demo Secondary Warehouse B', NOW() - INTERVAL '29 days')
ON CONFLICT (code) DO NOTHING;

-- 3. LOCATIONS
INSERT INTO locations (id, warehouse_id, code, name, capacity_limit_base) VALUES
('33333333-0000-0000-0000-000000000001', '22222222-0000-0000-0000-000000000001', 'DEMO-A-01', 'A-01 Bulk', 10000.0),
('33333333-0000-0000-0000-000000000002', '22222222-0000-0000-0000-000000000001', 'DEMO-A-02', 'A-02 Racks', 5000.0),
('33333333-0000-0000-0000-000000000003', '22222222-0000-0000-0000-000000000001', 'DEMO-A-03', 'A-03 Pick Face', 1000.0),
('33333333-0000-0000-0000-000000000004', '22222222-0000-0000-0000-000000000002', 'DEMO-B-01', 'B-01 Storage', NULL),
('33333333-0000-0000-0000-000000000005', '22222222-0000-0000-0000-000000000002', 'DEMO-B-02', 'B-02 Temp', NULL),
('33333333-0000-0000-0000-000000000006', '22222222-0000-0000-0000-000000000002', 'DEMO-B-03', 'B-03 Quarantine', 500.0)
ON CONFLICT (warehouse_id, code) DO NOTHING;

-- 4. SUPPLIERS
INSERT INTO suppliers (id, code, name) VALUES
('44444444-0000-0000-0000-000000000001', 'DEMO-SUP-001', 'Demo Global Supplies Inc'),
('44444444-0000-0000-0000-000000000002', 'DEMO-SUP-002', 'Demo Food Partners'),
('44444444-0000-0000-0000-000000000003', 'DEMO-SUP-003', 'Demo Logistics Packaging'),
('44444444-0000-0000-0000-000000000004', 'DEMO-SUP-004', 'Demo Tech Parts'),
('44444444-0000-0000-0000-000000000005', 'DEMO-SUP-005', 'Demo General Manufacturer')
ON CONFLICT (code) DO NOTHING;

-- 5. PRODUCTS
INSERT INTO products (id, code, name, base_uom) VALUES
('55555555-0000-0000-0000-000000000001', 'DEMO-PROD-001', 'Demo Canned Beans', 'Cans'),
('55555555-0000-0000-0000-000000000002', 'DEMO-PROD-002', 'Demo Bottled Water', 'Bottles'),
('55555555-0000-0000-0000-000000000003', 'DEMO-PROD-003', 'Demo Packing Tape', 'Rolls'),
('55555555-0000-0000-0000-000000000004', 'DEMO-PROD-004', 'Demo Bubble Wrap', 'Meters'),
('55555555-0000-0000-0000-000000000005', 'DEMO-PROD-005', 'Demo Office Chair', 'Pieces'),
('55555555-0000-0000-0000-000000000006', 'DEMO-PROD-006', 'Demo Standing Desk', 'Pieces'),
('55555555-0000-0000-0000-000000000007', 'DEMO-PROD-007', 'Demo Pen Blue', 'Pens'),
('55555555-0000-0000-0000-000000000008', 'DEMO-PROD-008', 'Demo Notebook', 'Books')
ON CONFLICT (code) DO NOTHING;

-- 6. PRODUCT UOMS
INSERT INTO product_uoms (id, product_id, supplier_id, uom, factor_to_base) VALUES
('66666666-0000-0000-0000-000000000001', '55555555-0000-0000-0000-000000000001', NULL, 'Cans', 1.0),
('66666666-0000-0000-0000-000000000011', '55555555-0000-0000-0000-000000000001', NULL, 'Box (24 Cans)', 24.0),
('66666666-0000-0000-0000-000000000002', '55555555-0000-0000-0000-000000000002', NULL, 'Bottles', 1.0),
('66666666-0000-0000-0000-000000000022', '55555555-0000-0000-0000-000000000002', NULL, 'Pack (6 Bottles)', 6.0),
('66666666-0000-0000-0000-000000000003', '55555555-0000-0000-0000-000000000003', NULL, 'Rolls', 1.0),
('66666666-0000-0000-0000-000000000004', '55555555-0000-0000-0000-000000000004', NULL, 'Meters', 1.0),
('66666666-0000-0000-0000-000000000005', '55555555-0000-0000-0000-000000000005', NULL, 'Pieces', 1.0),
('66666666-0000-0000-0000-000000000006', '55555555-0000-0000-0000-000000000006', NULL, 'Pieces', 1.0),
('66666666-0000-0000-0000-000000000007', '55555555-0000-0000-0000-000000000007', NULL, 'Pens', 1.0),
('66666666-0000-0000-0000-000000000077', '55555555-0000-0000-0000-000000000007', NULL, 'Carton (100 Pens)', 100.0),
('66666666-0000-0000-0000-000000000008', '55555555-0000-0000-0000-000000000008', NULL, 'Books', 1.0)
ON CONFLICT (product_id, supplier_id, uom) DO NOTHING;

-- 7. BATCHES (6 Batches: 2 near expiry, 2 mid, 2 long term)
INSERT INTO batches (id, product_id, supplier_id, manufacture_date, expiry_date, lot_code, average_cost, created_at) VALUES 
('77777777-0000-0000-0000-000000000001', '55555555-0000-0000-0000-000000000001', '44444444-0000-0000-0000-000000000001', CURRENT_DATE - INTERVAL '1 year', CURRENT_DATE + INTERVAL '10 days', 'DEMO-LOT-NEAR-1', 1.25, NOW() - INTERVAL '20 days'),
('77777777-0000-0000-0000-000000000002', '55555555-0000-0000-0000-000000000002', '44444444-0000-0000-0000-000000000002', CURRENT_DATE - INTERVAL '6 months', CURRENT_DATE + INTERVAL '12 days', 'DEMO-LOT-NEAR-2', 0.50, NOW() - INTERVAL '15 days'),
('77777777-0000-0000-0000-000000000003', '55555555-0000-0000-0000-000000000003', '44444444-0000-0000-0000-000000000003', CURRENT_DATE - INTERVAL '2 months', CURRENT_DATE + INTERVAL '4 months', 'DEMO-LOT-NORM-1', 2.00, NOW() - INTERVAL '10 days'),
('77777777-0000-0000-0000-000000000004', '55555555-0000-0000-0000-000000000004', '44444444-0000-0000-0000-000000000003', CURRENT_DATE - INTERVAL '1 month', CURRENT_DATE + INTERVAL '5 months', 'DEMO-LOT-NORM-2', 12.50, NOW() - INTERVAL '5 days'),
('77777777-0000-0000-0000-000000000005', '55555555-0000-0000-0000-000000000005', '44444444-0000-0000-0000-000000000005', CURRENT_DATE - INTERVAL '10 days', CURRENT_DATE + INTERVAL '11 months', 'DEMO-LOT-LONG-1', 50.00, NOW() - INTERVAL '2 days'),
('77777777-0000-0000-0000-000000000006', '55555555-0000-0000-0000-000000000006', '44444444-0000-0000-0000-000000000005', CURRENT_DATE - INTERVAL '5 days', CURRENT_DATE + INTERVAL '12 months', 'DEMO-LOT-LONG-2', 200.00, NOW() - INTERVAL '1 day')
ON CONFLICT (product_id, supplier_id, manufacture_date, expiry_date, lot_code) DO NOTHING;

-- 8. CONTAINERS (6 containers: 2 sealed, 4 opened)
INSERT INTO containers (id, qr_code, location_id, status, is_sealed, sealed_at, sealed_by, created_at) VALUES
('88888888-0000-0000-0000-000000000001', 'DEMO-CONT-0001', '33333333-0000-0000-0000-000000000001', 'Sealed', true, NOW() - INTERVAL '5 days', '11111111-0000-0000-0000-000000000001', NOW() - INTERVAL '10 days'),
('88888888-0000-0000-0000-000000000002', 'DEMO-CONT-0002', '33333333-0000-0000-0000-000000000001', 'Sealed', true, NOW() - INTERVAL '2 days', '11111111-0000-0000-0000-000000000002', NOW() - INTERVAL '8 days'),
('88888888-0000-0000-0000-000000000003', 'DEMO-CONT-0003', '33333333-0000-0000-0000-000000000002', 'Open', false, NULL, NULL, NOW() - INTERVAL '15 days'),
('88888888-0000-0000-0000-000000000004', 'DEMO-CONT-0004', '33333333-0000-0000-0000-000000000003', 'Open', false, NULL, NULL, NOW() - INTERVAL '12 days'),
('88888888-0000-0000-0000-000000000005', 'DEMO-CONT-0005', '33333333-0000-0000-0000-000000000004', 'Open', false, NULL, NULL, NOW() - INTERVAL '7 days'),
('88888888-0000-0000-0000-000000000006', 'DEMO-CONT-0006', '33333333-0000-0000-0000-000000000005', 'Empty', false, NULL, NULL, NOW() - INTERVAL '3 days')
ON CONFLICT (qr_code) DO NOTHING;

-- 9. STOCK LINES (Inventory representation)
INSERT INTO stock_lines (id, product_id, batch_id, location_id, container_id, quantity_base, created_at) VALUES
('99999999-0000-0000-0000-000000000001', '55555555-0000-0000-0000-000000000001', '77777777-0000-0000-0000-000000000001', '33333333-0000-0000-0000-000000000001', '88888888-0000-0000-0000-000000000001', 500, NOW() - INTERVAL '10 days'),
('99999999-0000-0000-0000-000000000002', '55555555-0000-0000-0000-000000000002', '77777777-0000-0000-0000-000000000002', '33333333-0000-0000-0000-000000000001', '88888888-0000-0000-0000-000000000002', 1200, NOW() - INTERVAL '8 days'),
('99999999-0000-0000-0000-000000000003', '55555555-0000-0000-0000-000000000003', '77777777-0000-0000-0000-000000000003', '33333333-0000-0000-0000-000000000002', '88888888-0000-0000-0000-000000000003', 450, NOW() - INTERVAL '5 days'),
('99999999-0000-0000-0000-000000000004', '55555555-0000-0000-0000-000000000004', '77777777-0000-0000-0000-000000000004', '33333333-0000-0000-0000-000000000004', '88888888-0000-0000-0000-000000000005', 200, NOW() - INTERVAL '3 days'),
('99999999-0000-0000-0000-000000000005', '55555555-0000-0000-0000-000000000005', '77777777-0000-0000-0000-000000000005', '33333333-0000-0000-0000-000000000003', NULL, 15, NOW() - INTERVAL '2 days'),
('99999999-0000-0000-0000-000000000006', '55555555-0000-0000-0000-000000000006', '77777777-0000-0000-0000-000000000006', '33333333-0000-0000-0000-000000000004', NULL, 5, NOW() - INTERVAL '1 day')
ON CONFLICT (product_id, batch_id, location_id, container_id) DO NOTHING;

-- 10. RECEIPTS (2 submitted, 1 draft)
INSERT INTO receipts (id, code, supplier_id, warehouse_id, status, total_value, created_by, created_at) VALUES
('AAAAAAAA-0000-0000-0000-000000000001', 'DEMO-RCPT-0001', '44444444-0000-0000-0000-000000000001', '22222222-0000-0000-0000-000000000001', 'submitted', 625.0, '11111111-0000-0000-0000-000000000002', NOW() - INTERVAL '15 days'),
('AAAAAAAA-0000-0000-0000-000000000002', 'DEMO-RCPT-0002', '44444444-0000-0000-0000-000000000002', '22222222-0000-0000-0000-000000000001', 'submitted', 600.0, '11111111-0000-0000-0000-000000000002', NOW() - INTERVAL '12 days'),
('AAAAAAAA-0000-0000-0000-000000000003', 'DEMO-RCPT-0003', '44444444-0000-0000-0000-000000000005', '22222222-0000-0000-0000-000000000002', 'draft', 0.0, '11111111-0000-0000-0000-000000000002', NOW() - INTERVAL '1 day')
ON CONFLICT (code) DO NOTHING;

INSERT INTO receipt_lines (id, receipt_id, product_id, supplier_id, batch_id, quantity, quantity_base, uom, unit_cost, manufacture_date, expiry_date, lot_code, container_qr_code, created_at) VALUES 
('BBBBBBBB-0000-0000-0000-000000000001', 'AAAAAAAA-0000-0000-0000-000000000001', '55555555-0000-0000-0000-000000000001', '44444444-0000-0000-0000-000000000001', '77777777-0000-0000-0000-000000000001', 500, 500, 'Cans', 1.25, CURRENT_DATE - INTERVAL '1 year', CURRENT_DATE + INTERVAL '10 days', 'DEMO-LOT-NEAR-1', 'DEMO-CONT-0001', NOW() - INTERVAL '15 days'),
('BBBBBBBB-0000-0000-0000-000000000002', 'AAAAAAAA-0000-0000-0000-000000000002', '55555555-0000-0000-0000-000000000002', '44444444-0000-0000-0000-000000000002', '77777777-0000-0000-0000-000000000002', 1200, 1200, 'Bottles', 0.50, CURRENT_DATE - INTERVAL '6 months', CURRENT_DATE + INTERVAL '12 days', 'DEMO-LOT-NEAR-2', 'DEMO-CONT-0002', NOW() - INTERVAL '12 days'),
('BBBBBBBB-0000-0000-0000-000000000003', 'AAAAAAAA-0000-0000-0000-000000000003', '55555555-0000-0000-0000-000000000005', '44444444-0000-0000-0000-000000000005', NULL, 15, 15, 'Pieces', 50.00, CURRENT_DATE - INTERVAL '10 days', CURRENT_DATE + INTERVAL '11 months', 'DEMO-LOT-LONG-1', NULL, NOW() - INTERVAL '1 day')
ON CONFLICT (id) DO NOTHING;

-- 11. MOVEMENTS (2 submitted)
INSERT INTO movements (id, code, from_location_id, to_location_id, status, created_by, created_at) VALUES 
('CCCCCCCC-0000-0000-0000-000000000001', 'DEMO-MV-0001', '33333333-0000-0000-0000-000000000002', '33333333-0000-0000-0000-000000000003', 'submitted', '11111111-0000-0000-0000-000000000001', NOW() - INTERVAL '4 days'),
('CCCCCCCC-0000-0000-0000-000000000002', 'DEMO-MV-0002', '33333333-0000-0000-0000-000000000001', '33333333-0000-0000-0000-000000000004', 'submitted', '11111111-0000-0000-0000-000000000002', NOW() - INTERVAL '2 days')
ON CONFLICT (code) DO NOTHING;

INSERT INTO movement_lines (id, movement_id, product_id, batch_id, container_id, quantity_base, created_at) VALUES 
('DDDDDDDD-0000-0000-0000-000000000001', 'CCCCCCCC-0000-0000-0000-000000000001', '55555555-0000-0000-0000-000000000003', '77777777-0000-0000-0000-000000000003', '88888888-0000-0000-0000-000000000003', 50, NOW() - INTERVAL '4 days'),
('DDDDDDDD-0000-0000-0000-000000000002', 'CCCCCCCC-0000-0000-0000-000000000002', '55555555-0000-0000-0000-000000000001', '77777777-0000-0000-0000-000000000001', '88888888-0000-0000-0000-000000000001', 100, NOW() - INTERVAL '2 days')
ON CONFLICT (id) DO NOTHING;

-- 12. ISSUES (2 planned, picktasks pending)
INSERT INTO issues (id, code, status, created_by, created_at) VALUES 
('EEEEEEEE-0000-0000-0000-000000000001', 'DEMO-ISS-0001', 'planned', '11111111-0000-0000-0000-000000000002', NOW() - INTERVAL '3 days'),
('EEEEEEEE-0000-0000-0000-000000000002', 'DEMO-ISS-0002', 'planned', '11111111-0000-0000-0000-000000000002', NOW() - INTERVAL '1 day')
ON CONFLICT (code) DO NOTHING;

INSERT INTO issue_lines (id, issue_id, product_id, quantity_base, created_at) VALUES 
('FFFFFFFF-0000-0000-0000-000000000001', 'EEEEEEEE-0000-0000-0000-000000000001', '55555555-0000-0000-0000-000000000003', 20, NOW() - INTERVAL '3 days'),
('FFFFFFFF-0000-0000-0000-000000000002', 'EEEEEEEE-0000-0000-0000-000000000002', '55555555-0000-0000-0000-000000000004', 50, NOW() - INTERVAL '1 day')
ON CONFLICT (id) DO NOTHING;

-- Reservations & PickTasks 
-- creating valid hard-locked reservations
INSERT INTO reservations (id, product_id, batch_id, location_id, container_id, quantity_base, status, expires_at, last_activity_at, created_by, created_at) VALUES 
('10101010-0000-0000-0000-000000000001', '55555555-0000-0000-0000-000000000003', '77777777-0000-0000-0000-000000000003', '33333333-0000-0000-0000-000000000002', '88888888-0000-0000-0000-000000000003', 20, 'hard-locked', NOW() + INTERVAL '1 hour', NOW(), '11111111-0000-0000-0000-000000000002', NOW() - INTERVAL '3 days'),
('10101010-0000-0000-0000-000000000002', '55555555-0000-0000-0000-000000000004', '77777777-0000-0000-0000-000000000004', '33333333-0000-0000-0000-000000000004', '88888888-0000-0000-0000-000000000005', 50, 'hard-locked', NOW() + INTERVAL '1 hour', NOW(), '11111111-0000-0000-0000-000000000002', NOW() - INTERVAL '1 day')
ON CONFLICT (id) DO NOTHING;

INSERT INTO pick_tasks (id, issue_line_id, product_id, batch_id, location_id, container_id, reservation_id, quantity_base, picked_quantity, status, created_at) VALUES 
('20202020-0000-0000-0000-000000000001', 'FFFFFFFF-0000-0000-0000-000000000001', '55555555-0000-0000-0000-000000000003', '77777777-0000-0000-0000-000000000003', '33333333-0000-0000-0000-000000000002', '88888888-0000-0000-0000-000000000003', '10101010-0000-0000-0000-000000000001', 20, 0, 'pending', NOW() - INTERVAL '3 days'),
('20202020-0000-0000-0000-000000000002', 'FFFFFFFF-0000-0000-0000-000000000002', '55555555-0000-0000-0000-000000000004', '77777777-0000-0000-0000-000000000004', '33333333-0000-0000-0000-000000000004', '88888888-0000-0000-0000-000000000005', '10101010-0000-0000-0000-000000000002', 50, 0, 'pending', NOW() - INTERVAL '1 day')
ON CONFLICT (reservation_id) DO NOTHING;

-- 13. CYCLE COUNTS (1 submitted)
INSERT INTO cycle_counts (id, code, location_id, status, created_by, created_at) VALUES 
('30303030-0000-0000-0000-000000000001', 'DEMO-CC-0001', '33333333-0000-0000-0000-000000000001', 'submitted', '11111111-0000-0000-0000-000000000001', NOW() - INTERVAL '6 days')
ON CONFLICT (code) DO NOTHING;

INSERT INTO cycle_count_lines (id, cycle_count_id, product_id, batch_id, container_id, counted_quantity, created_at) VALUES 
('40404040-0000-0000-0000-000000000001', '30303030-0000-0000-0000-000000000001', '55555555-0000-0000-0000-000000000001', '77777777-0000-0000-0000-000000000001', '88888888-0000-0000-0000-000000000001', 500, NOW() - INTERVAL '6 days')
ON CONFLICT (id) DO NOTHING;

-- 14. APPROVAL REQUESTS (3 pending)
INSERT INTO approval_requests (id, document_type, document_id, status, reason, po_code, threshold_snapshot, requested_by, created_at) VALUES 
('50505050-0000-0000-0000-000000000001', 'CYCLE_COUNT', '30303030-0000-0000-0000-000000000001', 'pending', 'Large discrepancy in count', NULL, '{"threshold": 100, "actual": 150}'::jsonb, '11111111-0000-0000-0000-000000000001', NOW() - INTERVAL '5 days'),
('50505050-0000-0000-0000-000000000002', 'RECEIPT', 'AAAAAAAA-0000-0000-0000-000000000003', 'pending', 'Supplier quality mismatch', 'DEMO-PO-1234', '{"limit": 5000}'::jsonb, '11111111-0000-0000-0000-000000000002', NOW() - INTERVAL '1 day'),
('50505050-0000-0000-0000-000000000003', 'MOVEMENT', 'CCCCCCCC-0000-0000-0000-000000000001', 'pending', 'Cross warehouse permission', NULL, '{}'::jsonb, '11111111-0000-0000-0000-000000000001', NOW() - INTERVAL '1 hour')
ON CONFLICT (document_type, document_id) DO NOTHING;

-- 15. AUDIT EVENTS (10 recent events)
-- table schema: id, actor_user_id, action, entity_type, entity_id, before_json, after_json, reason, correlation_id, created_at
INSERT INTO audit_events (id, actor_user_id, action, entity_type, entity_id, before_json, after_json, reason, correlation_id, created_at) VALUES 
('60606060-0000-0000-0000-000000000001', '11111111-0000-0000-0000-000000000001', 'USER_LOGIN', 'users', '11111111-0000-0000-0000-000000000001', NULL, '{"username": "staff_demo"}'::jsonb, 'staff login', 'corr-1', NOW() - INTERVAL '14 days'),
('60606060-0000-0000-0000-000000000002', '11111111-0000-0000-0000-000000000002', 'USER_LOGIN', 'users', '11111111-0000-0000-0000-000000000002', NULL, '{"username": "manager_demo"}'::jsonb, 'manager login', 'corr-2', NOW() - INTERVAL '13 days'),
('60606060-0000-0000-0000-000000000003', '11111111-0000-0000-0000-000000000002', 'RECEIPT_CREATE', 'receipts', 'AAAAAAAA-0000-0000-0000-000000000001', NULL, '{"code": "DEMO-RCPT-0001"}'::jsonb, 'User created demo receipt', 'corr-3', NOW() - INTERVAL '15 days'),
('60606060-0000-0000-0000-000000000004', '11111111-0000-0000-0000-000000000002', 'RECEIPT_SUBMIT', 'receipts', 'AAAAAAAA-0000-0000-0000-000000000001', '{"status": "draft"}'::jsonb, '{"status": "submitted"}'::jsonb, 'Demo submit', 'corr-4', NOW() - INTERVAL '15 days'),
('60606060-0000-0000-0000-000000000005', '11111111-0000-0000-0000-000000000001', 'MOVEMENT_CREATE', 'movements', 'CCCCCCCC-0000-0000-0000-000000000001', NULL, '{"code": "DEMO-MV-0001"}'::jsonb, 'Create internal movement', 'corr-5', NOW() - INTERVAL '4 days'),
('60606060-0000-0000-0000-000000000006', '11111111-0000-0000-0000-000000000001', 'MOVEMENT_SUBMIT', 'movements', 'CCCCCCCC-0000-0000-0000-000000000001', '{"status": "draft"}'::jsonb, '{"status": "submitted"}'::jsonb, 'Movement executed', 'corr-6', NOW() - INTERVAL '4 days'),
('60606060-0000-0000-0000-000000000007', '11111111-0000-0000-0000-000000000002', 'ISSUE_CREATE', 'issues', 'EEEEEEEE-0000-0000-0000-000000000001', NULL, '{"code": "DEMO-ISS-0001"}'::jsonb, 'Order created', 'corr-7', NOW() - INTERVAL '3 days'),
('60606060-0000-0000-0000-000000000008', '11111111-0000-0000-0000-000000000001', 'CYCLE_COUNT_CREATE', 'cycle_counts', '30303030-0000-0000-0000-000000000001', NULL, '{"code": "DEMO-CC-0001"}'::jsonb, 'Audit created', 'corr-8', NOW() - INTERVAL '6 days'),
('60606060-0000-0000-0000-000000000009', '11111111-0000-0000-0000-000000000003', 'USER_LOGIN', 'users', '11111111-0000-0000-0000-000000000003', NULL, '{"username": "admin_demo"}'::jsonb, 'admin login', 'corr-9', NOW() - INTERVAL '1 day'),
('60606060-0000-0000-0000-000000000010', '11111111-0000-0000-0000-000000000002', 'APPROVAL_REQUEST', 'receipts', 'AAAAAAAA-0000-0000-0000-000000000003', NULL, '{"status": "pending"}'::jsonb, 'Needs approval', 'corr-10', NOW() - INTERVAL '1 day')
ON CONFLICT (id) DO NOTHING;

-- =================================================================================
-- VERIFICATION QUERIES
-- =================================================================================

DO $$
BEGIN
    RAISE NOTICE '==================================================';
    RAISE NOTICE 'DEMO DATA SEED EXECUTION HAS COMPLETED (BEGIN -> COMMIT)';
    RAISE NOTICE '==================================================';
END $$;

COMMIT;

-- Print out counts for verification (these run outside the main transaction):
SELECT 'Users' AS entity, COUNT(*) AS total_inserted FROM users WHERE username LIKE '%_demo%';
SELECT 'Warehouses' AS entity, COUNT(*) AS total_inserted FROM warehouses WHERE code LIKE 'DEMO-%';
SELECT 'Products' AS entity, COUNT(*) AS total_inserted FROM products WHERE code LIKE 'DEMO-%';
SELECT 'Batches' AS entity, COUNT(*) AS total_inserted FROM batches WHERE lot_code LIKE 'DEMO-%';
SELECT 'Containers' AS entity, COUNT(*) AS total_inserted FROM containers WHERE qr_code LIKE 'DEMO-%';
SELECT 'Stock Lines' AS entity, COUNT(*) AS total_inserted FROM stock_lines WHERE created_at >= NOW() - INTERVAL '20 days';
SELECT 'Receipts' AS entity, COUNT(*) AS total_inserted FROM receipts WHERE code LIKE 'DEMO-%';
SELECT 'Movements' AS entity, COUNT(*) AS total_inserted FROM movements WHERE code LIKE 'DEMO-%';
SELECT 'Issues' AS entity, COUNT(*) AS total_inserted FROM issues WHERE code LIKE 'DEMO-%';
SELECT 'Cycle Counts' AS entity, COUNT(*) AS total_inserted FROM cycle_counts WHERE code LIKE 'DEMO-%';
SELECT 'Approval Requests' AS entity, COUNT(*) AS total_inserted FROM approval_requests WHERE reason IS NOT NULL;
SELECT 'Audit Events' AS entity, COUNT(*) AS total_inserted FROM audit_events WHERE correlation_id LIKE 'corr-%';
